{
  "apps": [
    {
      "name": "profit-trailer",
      "cwd": ".",
      "script": "java",
      "args": [
	    "-Djava.net.preferIPv4Stack=true",
		"-Dsun.stdout.encoding=UTF-8",
	    "-Dio.netty.allocator.numDirectArenas=0",
	    "-Djdk.nio.maxCachedBufferSize=262144",
        "-XX:+UseSerialGC",
	    "-XX:+UseStringDeduplication",
        "-Xms64m",
        "-Xmx512m",
	    "-XX:CompressedClassSpaceSize=300m",
	    "-XX:MaxMetaspaceSize=128m",
        "-jar",
        "ProfitTrailer.jar"
      ],
      "env": {
        "SPRING_PROFILES_ACTIVE": "prod"
      },
      "node_args": [],
      "log_date_format": "YYYY-MM-DD HH:mm Z",
      "exec_interpreter": "none",
      "exec_mode": "fork",
	  "autorestart": false
    }
  ]
}
